ID,post_title,post_name,post_date,post_parent
20445,"5 Reasons Not to Wait to Buy a Portable Rollformer",5-reasons-not-to-wait-to-buy-a-portable-rollformer,"2026-05-15 08:30:30",0
20319,"Losing Jobs Because You Don't Have the Right Profile? Finance NTM Profiles On Our Configurator",finance-ntm-profiles-on-our-configurator,"2026-05-04 12:20:13",0
15936,"The Best Portable Standing Seam Rollforming Machines in 2026",comparing-the-best-portable-rollforming-machine-manufacturers,"2026-04-29 11:56:25",0
20048,"The Budget-Friendly Cost of the SSR™ MultiPro Jr. Roof Panel Machine",ntm-ssr-multipro-jr-best-budget-portable-rollformer,"2026-04-20 15:50:25",0
19943,"The True Cost of an SSQ3™ MultiPro Roof &amp; Wall Panel Machine",cost-of-an-ssq3-multipro-roof-wall-panel-machine,"2026-04-14 11:17:24",0
19830,"Maximize Uptime With NTM’s 5-Pillar Ironclad Service &amp; Support",maximize-uptime-with-ntms-5-pillar-ironclad-service-support,"2026-04-07 22:41:02",0
13634,"Englert’s Metal Man Multi-Panel vs. NTM’s SSQ3™ MultiPro",englerts-metal-man-multi-panel-vs-ntms-ssq-3-multipro,"2026-03-30 14:43:51",0
19697,"How to Purchase the Right Portable Standing Seam Machine (Made Easy)",how-to-purchase-the-right-portable-standing-seam-machine-made-easy,"2026-03-12 17:26:07",0
153,"The Best Portable Metal Panel Machine Manufacturers in 2026",best-portable-roof-panel-rollforming-manufacturers-review,"2026-03-02 14:45:07",0
19599,"Portable Rollforming Issues Nobody Talks About",portable-rollforming-issues-nobody-talks-about,"2026-02-17 09:36:53",0
1492,"Cost of an NTM Seamless Gutter Machine in 2026",gutter-machine-cost-what-to-look-for,"2026-02-13 10:33:17",0
19541,"How to Calculate Your ROI on a Portable Standing Seam Machine",how-to-calculate-your-roi-on-a-portable-standing-seam-machine,"2026-02-09 13:06:37",0
19468,"NTM Customers' ROI With a Portable Standing Seam Panel Machine",ntm-customers-roi-behind-portable-standing-seam-panel-production,"2026-01-27 13:47:16",0
273,"Cost &amp; What to Look for When Buying a Portable Standing Seam Panel Machine [2026]",portable-roof-panel-rollforming-machine-cost,"2026-01-13 17:15:33",0
19296,"IRE 2026: What's Happening at the Largest Roofing Expo",ire-2026-whats-happening-at-the-largest-roofing-expo,"2026-01-07 23:20:55",0
19200,"10 Best NTM Articles of 2025: New SSQ3, Z-Cutter, 2025 Cost Guide, and More!  ",10-best-ntm-articles-of-2025,"2025-12-16 08:44:17",0
19,"Mechanical Lock vs. Snap-lock Metal Roof Profiles: What Are the Differences?",mechanical-lock-vs-snap-lock-metal-roof-profiles,"2025-11-11 09:55:47",0
18699,"How to Maintain Your NTM SSQ3™ MultiPro",how-to-maintain-your-ntm-ssq3-multipro,"2025-11-03 16:09:42",0
18658,"What is a Standing Seam Machine?",what-is-a-standing-seam-machine,"2025-10-27 16:18:52",0
18616,"What's New At NTM's METALCON Booth #4027?",whats-at-ntms-metalcon-booth-2047,"2025-10-20 16:49:47",0
17957,"NTM's SSQ3™ MultiPro Premiering at METALCON 2025",ntms-ssq3-multipro-premiering-at-metalcon-2025,"2025-10-13 15:51:17",0
18367,"How to Build and Finance Your NTM Rollformer All on One Site",how-to-build-and-finance-your-ntm-rollformer-all-on-one-site,"2025-10-06 16:38:10",0
18195,"How NTM Machine Owners Benefit From Sheffield Metals",why-ntm-machine-owners-benefit-from-sheffield-metals,"2025-09-29 16:49:40",0
17881,"The Hidden Risks of Buying a Portable Rollforming Machine",the-hidden-risks-of-buying-a-portable-rollforming-machine,"2025-09-15 17:28:37",0
17832,"Rib Rollers for NTM Panel Machines: What You Need to Know",rib-rollers-for-ntm-panel-machines-what-you-need-to-know,"2025-09-08 17:31:09",0
7131,"Why METALCON 2025 Should Be on Every Metal Roofing Contractor's Calendar",metalcon-2025-features-tips-for-attending,"2025-09-02 07:58:11",0
17634,"5 Reasons NOT to Buy the SSQ II MultiPro",5-reasons-not-to-buy-the-ssq-ii-multipro,"2025-08-25 15:58:40",0
17474,"Metal Board and Batten Siding: A Contractor's Golden Opportunity",metal-board-and-batten-siding-a-contractors-golden-opportunity,"2025-08-18 14:57:39",0
17466,"What Should Contractors Know Before Buying a Portable Roof Panel or Gutter Machine?",what-should-contractors-know-before-buying-a-portable-roof-panel-or-gutter-machine,"2025-08-12 02:49:00",0
17096,"How to Finance an NTM Portable Gutter Machine: A Short Guide",how-to-finance-an-ntm-portable-gutter-machine-a-short-guide,"2025-08-04 17:12:05",0
17124,"Why Choose a Mach II 5""/6"" Combo Portable Gutter Machine?",why-choose-a-mach-ii-5-6-combo-portable-gutter-machine,"2025-07-28 18:51:12",0
17007,"SSH™ MultiPro Roof Panel Machine: A Solid Portable Roll Former",ssh-multipro-roof-panel-machine-a-solid-portable-roll-former,"2025-07-21 15:22:21",0
17174,"How to Avoid Buyer’s Remorse When Purchasing a Portable Rollformer",how-to-avoid-buyers-remorse-when-purchasing-a-portable-rollformer,"2025-07-15 03:14:00",0
17187,"Is the Metal Roofing and Siding Market Here to Stay?",is-the-metal-roofing-and-siding-market-here-to-stay,"2025-07-07 03:00:00",0
16668,"Why Choose a Mach II 6"" Portable Gutter Machine?",why-choose-a-mach-ii-6-portable-gutter-machine,"2025-07-01 03:30:00",0
16625,"Fixed vs Multi-Profile Panel Machines: A Contractor's Guide to Making the Smart Choice",fixed-vs-multi-profile-panel-machines-a-contractors-guide-to-making-the-smart-choice,"2025-06-23 16:45:36",0
16313,"Why Choose a Mach II 5"" Portable Gutter Machine?",why-choose-a-mach-ii-5-portable-gutter-machine,"2025-06-16 04:28:00",0
16188,"What is NTM's New Z-Cutter Metal Z-Closure Flashing Shear?",what-is-ntms-new-z-cutter-metal-z-closure-flashing-shear,"2025-06-10 02:58:00",0
7060,"NTM SSQ II MultiPro vs. Schlebach Quadro Plus",review-schlebach-quadro-cinco-vs-ntm-ssq-ii-multipro,"2025-05-27 18:09:00",0
16087,"What to Expect When an NTM Service Tech Visits Your Jobsite",what-to-expect-when-an-ntm-service-tech-visits-your-jobsite,"2025-05-27 05:01:00",0
16057,"Best Portable Seamless Gutter Machines in 2025",best-portable-seamless-gutter-machines-in-2025,"2025-05-20 08:36:43",0
15868,"NTM's Specialty Rollformers: The WAV &amp; 5VC-5V Crimp Machines",ntms-specialty-rollformers-the-wav-5vc-5v-crimp-machines,"2025-04-28 15:44:15",0
15840,"Common Problems with NTM Portable Rollforming Machines (and How to Solve Them)",common-problems-with-ntm-portable-rollforming-machines-and-how-to-solve-them,"2025-04-21 15:02:17",0
15785,"Best Accessories for the SSQ3, SSH, and SSR Panel Machines",best-accessories-for-the-ssq-3-ssh-and-ssr-panel-machines,"2025-04-08 02:58:00",0
15662,"S-5! Snow Guards for Metal Roofs – An In-Depth Review",s-5-snow-guards-for-metal-roofs-an-in-depth-review,"2025-03-25 02:12:00",0
15563,"What is the ROI On a Portable Metal Roof Panel Machine?",what-is-the-roi-for-a-portable-metal-roof-panel-machine,"2025-03-04 02:15:00",0
15349,"What is Sustainability When it Comes to Portable Rollforming?",portable-rollforming-and-sustainability,"2025-02-11 12:48:42",0
10567,"What to Expect at Gutter-Con 2025",what-to-expect-at-gutter-con-2025,"2025-02-04 11:07:34",0
1482,"IRE 2025: What's Happening at the Largest Roofing Expo",ire-roofing-industry-trade-show,"2025-01-28 15:02:18",0
15098,"Avoiding Problems With Protective Film: Proper Usage, Storage, and Removal",problems-with-temporary-protective-film-usage-storage-and-removal,"2025-01-07 10:02:23",0
14976,"10 Best NTM Articles of 2024: Industry News, Customer Stories, and More!",10-best-ntm-articles-of-2025-industry-news-customer-stories-and-more,"2024-12-17 06:00:00",0
14953,"How to Install the EZ-Counter on Your Gutter Machine",how-to-install-the-ez-counter-on-your-gutter-machine,"2024-12-10 14:37:36",0
14866,"How to Finance an NTM Portable Rollforming Machine",how-to-finance-an-ntm-portable-rollforming-machine,"2024-12-05 04:41:00",0
14786,"5 Compelling Reasons to Invest in a Portable Gutter Machine",5-compelling-reasons-to-invest-in-a-portable-gutter-machine,"2024-11-20 10:35:45",0
14621,"Review: Metal Roofing in Snowy Regions",review-metal-roofing-in-snowy-regions,"2024-11-12 09:34:30",0
14522,"Standing Seam in Durango, Colorado: Higher Ground Roofing's Tamarron Resort Project",standing-seam-in-durango-colorado-higher-ground-roofings-tamarron-resort-project,"2024-10-29 11:45:22",0
14389,"Review of Metal Coil Suppliers for Rollforming and Metal Construction",best-metal-coil-suppliers,"2024-10-21 12:10:59",0
14323,"The Future of Portable Rollforming: The ConceptQ Prototype Rollforming Machine",the-future-of-portable-rollforming-the-conceptq-prototype-rollforming-machine,"2024-10-10 06:00:00",0
14180,"In-Plant vs. Portable Metal Roof Panel Rollforming Machines",in-plant-vs-portable-metal-roof-panel-rollforming-machines,"2024-09-26 11:12:05",0
14080,"What are WAV Metal Wall Panels?",exploring-the-different-types-of-wave-metal-wall-panels,"2024-09-19 11:32:30",0
13889,"Comparison: NTM's SSR, SSH, and SSQ II Portable Rollformers",comparison-ntms-ssr-ssh-and-ssq-ii-portable-rollformers,"2024-09-12 11:13:03",0
13849,"What is NTM’s UNIQ® Automatic Control System?",what-is-ntms-uniq-automatic-control-system,"2024-09-04 16:36:50",0
13732,"The Best Metal Roof Power Seamers on the Market",the-best-metal-roof-power-seamers-on-the-market,"2024-08-27 05:00:00",0
13668,"NTM's New Shopping Site for Mach II Portable Seamless Gutter Machines",ntms-new-shopping-site-for-mach-ii-portable-seamless-gutter-machines,"2024-08-20 06:10:00",0
13661,"C&amp;S Gutters’ Abel Cisneros: Prioritizing Quality and Customer Service",cs-gutters-abel-cisneros-prioritizing-quality-and-customer-service,"2024-08-14 09:48:15",0
11801,"DIY Prefab Gutters vs. a Portable Seamless Gutter Machine",diy-prefab-gutters-vs-a-portable-seamless-gutter-machine,"2024-08-08 16:32:55",0
13567,"Cost and What to Know: Starting a Business With a Portable Gutter Machine",cost-and-what-to-know-starting-a-business-with-a-portable-gutter-machine,"2024-07-30 13:45:52",0
13543,"Problems With Rust and Corrosion on Rollforming Machines",problems-with-rust-and-corrosion-on-rollforming-machines,"2024-07-26 11:27:35",0
13500,"The Return of the Original Mach II Polyurethane Drive Gutter Machine To NTM",the-return-of-the-original-mach-ii-polyurethane-drive-gutter-machine-to-ntm,"2024-07-22 11:43:27",0
13445,"Review: Interior Metal Siding Applications, Benefits, and Panel Types",what-is-interior-metal-siding-applications-benefits-and-panel-types,"2024-07-16 13:57:17",0
13401,"Manufacturing Metal Siding, Under-decks, and Soffit Panels",reviewing-the-benefits-of-manufacturing-metal-siding-under-decks-and-soffit-panels,"2024-07-11 11:32:42",0
13339,"Offloading Your New Rollforming Machine: A Step-by-Step Guide",offloading-your-new-rollforming-machine-a-step-by-step-guide,"2024-07-10 10:26:54",0
13231,"Lee Smith and Flatiron Steel: Manufacturing Metal in the Rockies",lee-smith-and-flatiron-steel-manufacturing-metal-in-the-rockies,"2024-07-01 15:25:24",0
13306,"How to Install and Adjust a Striation Assembly on an NTM Rollformer",how-to-install-and-adjust-a-striation-assembly-on-an-ntm-rollformer,"2024-06-27 16:18:26",0
11941,"Problems With Metal Coil: Checking for Defects",problems-with-metal-coil-checking-for-defects,"2024-06-25 09:09:20",0
10777,"Review: Frank Heneghan's Revolutionary Gutter App",review-frank-heneghans-revolutionary-gutter-app,"2024-06-20 09:27:24",0
11798,"The Costs of Servicing Your NTM Portable Gutter or Roof Panel Machine",the-costs-of-servicing-your-ntm-portable-gutter-or-roof-panel-machine,"2024-06-17 15:44:14",0
11930,"Problems Ordering an NTM Rollformer? 8 Common Questions Answered",problems-with-ordering-rollforming-machines-at-ntm-8-common-questions,"2024-06-11 09:13:06",0
11752,"How to Install a Hook Assembly on a Portable Gutter Machine: A Step-by-Step Guide for Machine Operators",how-to-install-a-hook-assembly-on-a-portable-gutter-machine-a-step-by-step-guide-for-machine-operators,"2024-06-05 10:28:36",0
11782,"Cost Update: New Pricing Structure for NTM's SSQ II MultiPro",cost-update-new-pricing-structure-for-ntms-ssq-ii-multipro,"2024-06-03 10:15:24",0
11747,"How to Set Up a Run-Out Stand for an NTM Gutter Machine",how-to-set-up-a-run-out-stand-for-an-ntm-gutter-machine,"2024-05-30 10:40:44",0
11730,"Review: In-Plant Use of NTM’s Portable SSQ II™ MultiPro Panel Machine",review-in-plant-use-of-ntms-portable-ssq-ii-multipro-panel-machine,"2024-05-28 10:28:35",0
11682,"Adjusting the Gold Bars for Alignment on the SSQ II MultiPro",adjusting-the-gold-bars-for-alignment-on-the-ssq-ii-multipro,"2024-05-23 09:25:34",0
11640,"Saving the Earth With Metal Roofing, Part 3: Tax Rebates and LEED Credits",saving-the-earth-with-metal-roofing-part-3-tax-rebates-and-leed-credits,"2024-05-20 15:54:41",0
11632,"Resetting the Parameters on Your UNIQ® Controller for Calibration",resetting-the-parameters-on-your-uniq-controller-for-calibration,"2024-05-15 16:05:02",0
11524,"Saving the Earth With Metal Roofing, Part 2: Environmental Benefits ",saving-the-earth-with-metal-roofing-part-2-environmental-benefits,"2024-05-13 11:16:43",0
11432,"Saving the Earth With Metal Roofing, Part 1: Fire Resistance",saving-the-earth-with-metal-roofing-part-1-fire-resistance,"2024-05-07 05:00:00",0
11449,"Resetting Your PLC Controller: A Guide to Recalibration",resetting-your-plc-controller-a-guide-to-recalibration,"2024-05-02 15:20:48",0
11358,"Review of the SSQ275 NewLock Profile: NTM’s Proprietary Tooling",review-of-the-ssq275-newlock-profile-ntms-proprietary-tooling,"2024-04-30 09:53:12",0
11284,"3 Ways to Expand Your Metal Roofing Business",3-ways-to-expand-your-metal-roofing-business,"2024-04-22 16:56:02",0
11230,"5 Reasons to Invest in a Portable Roof Panel Machine",5-reasons-to-invest-in-a-portable-roof-panel-machine,"2024-04-15 13:28:47",0
11164,"Standing Seam Profiles: NTM's SSQ200, SSQ210A, SS450, and SS450SL ",standing-seam-panel-profile-comparison-the-ssq200-ssq200a-ss450-and-ss450sl,"2024-04-08 09:27:43",0
11047,"How Jim Built Gunnison Sheet Metal with an NTM SSR MultiPro Jr.",how-jim-built-gunnison-sheet-metal-with-an-ntm-ssr-multipro-jr,"2024-04-03 09:30:56",0
11000,"Section 179 Tax Deduction: Maximize Savings on a Portable Rollformer",section-179-tax-deduction-maximize-savings-on-a-portable-rollformer,"2024-03-26 04:40:00",0
10936,"Converting Your WAV™ Machine from the WAV 8-1F to the WAV 12-1F",converting-your-wav-machine-from-the-wav-8-1f-to-the-wav-12-1f,"2024-03-21 09:26:46",0
10774,"Resources Available to NTM Machine Owners",resources-available-to-ntm-machine-owners,"2024-03-19 09:11:00",0
10841,"8 Common Panel Adjustments for NTM's WAV™ Wall Panel Machine",8-common-panel-adjustments-for-ntms-wav-wall-panel-machine,"2024-03-13 09:26:15",0
10858,"Standing Seam Metal Roof Profiles: Snap Lock vs. Mechanical Seam",standing-seam-metal-roof-profiles-snap-lock-vs-mechanical-seam,"2024-03-12 09:12:26",0
10797,"How to Get a Quote on an NTM Rollforming Machine",how-to-get-a-quote-for-an-ntm-rollforming-machine,"2024-03-05 06:49:00",0
10734,"Lead Times on NTM’s Portable Rollformers: Worth the Wait?",lead-times-on-ntms-portable-rollformers-worth-the-wait,"2024-02-27 04:50:00",0
7607,"8 Easy Ways to Market Your Rollforming Business",ways-to-market-your-rollforming-business,"2024-02-14 09:40:20",0
10125,"Receiving Your New Tech Machinery Portable Rollformer Delivery",receiving-your-new-tech-machinery-portable-rollformer-delivery,"2024-02-01 17:52:21",0
10435,"The Impact of AI on the Metal Roofing Industry",the-impact-of-ai-on-the-metal-roofing-industry,"2024-01-30 09:37:41",0
10370,"Converting NTM's WAV Machine Profile from 12-1F to 16-4F",converting-ntms-wav-machine-profile-from-12-1f-to-16-4f,"2024-01-23 09:14:49",0
9114,"How Kevin Streamlines His Operation: NTM's SSQ II™ with Notching",how-kevin-streamlines-his-operation-ntms-ssq-ii-with-notching,"2024-01-17 10:42:28",0
10220,"Changing Coil Widths on a New Tech Machinery SSR™ MultiPro Jr.",changing-coil-widths-on-a-new-tech-machinery-ssr-multipro-jr,"2024-01-11 11:34:17",0
10214,"The Problem of Finding Roofers in a Tight Labor Market",the-problem-of-finding-roofers-in-a-tight-labor-market,"2024-01-10 12:08:37",0
8155,"How to Adjust Snap-Lock Profile Tightness",how-to-adjust-snap-lock-profile-tightness,"2024-01-04 09:54:07",0
8988,"Classic Metals Inc: How to Build a Metals Business",classic-metals-inc-how-to-build-a-metals-business,"2024-01-02 16:29:48",0
9024,"Best Articles of 2023: NTM News, Innovations, & Industry Trends",best-articles-of-2023-ntm-news-innovations-industry-trends,"2023-12-20 15:52:16",0
8204,"How to Switch from 12-1F to 8-1F on NTM's WAV Panel Machine",how-to-switch-from-12-1f-to-8-1f-on-ntms-wav-panel-machine,"2023-12-14 08:30:40",0
8764,"The Hidden Costs of Owning a Portable Rollforming Machine",the-hidden-costs-of-owning-a-portable-rollforming-machine,"2023-12-11 15:10:52",0
7912,"Fixing a Communication Error on a PLC: A Step-by-Step Guide",how-to-fix-a-host-communication-error-on-a-new-tech-machine,"2023-12-06 17:05:46",0
8434,"The Best Power Pack for Your NTM Portable Rollformer",the-best-power-pack-for-your-ntm-portable-rollformer,"2023-12-04 17:21:23",0
7966,"Adjusting Tab Lengths on an NTM SSQ II MultiPro with Notching",adjusting-tab-lengths-on-an-ntm-ssq-ii-multipro-with-notching,"2023-11-30 09:36:07",0
8165,"New Tech Machinery Rollformers: 10 Mistakes That Impact Panel Quality",10-common-mistakes-that-impact-metal-panel-quality,"2023-11-28 10:04:21",0
7974,"7 Common Questions About NTM's In-House Training",7-common-questions-about-ntms-in-house-training,"2023-11-21 09:33:24",0
987,"Best Accessories for NTM's Portable Seamless Gutter Machines",best-accessories-portable-seamless-gutter-machines,"2023-11-15 09:52:58",0
7596,"Configuring NTM’s Board and Batten Shear Dies and Blade",configuring-ntms-board-and-batten-shear-dies-and-blade,"2023-11-08 11:34:29",0
7746,"NTM Introduces New Covers and Sensors for its SSQ II™ MultiPro",ntm-introduces-new-covers-and-sensors-for-its-ssq-ii-multipro,"2023-11-02 09:16:22",0
7864,"Problems with NTM Rollformers: Four Common Misconceptions",problems-with-ntm-multipro-roof-panel-machines,"2023-10-25 13:20:34",0
7902,"What is the Variable Frequency Drive on the WAV Panel Machine?",what-is-the-variable-frequency-drive,"2023-10-17 17:08:04",0
7727,"How to Adjust for Uphill and Downhill on Board and Batten",how-to-adjust-for-uphill-and-downhill-on-board-and-batten,"2023-10-11 15:25:47",0
7805,"Metal Roof Panels Comparison: Factory-Made vs. Portable Rollforming Machine",metal-roof-panels-factory-made-vs-portable-rollforming-machine,"2023-10-05 13:09:25",0
7688,"7 Reasons to Invest in an NTM Trailer for Your Machine",7-reasons-to-invest-in-an-ntm-trailer-for-your-machine,"2023-09-27 16:56:33",0
7674,"The Enhanced New Tech Machinery WAV™ Wall Panel Machine",the-enhanced-new-tech-machinery-wav-wall-panel-machine,"2023-09-20 11:52:56",0
7617,"The Best Portable Box Gutter Machines on the Market",the-best-portable-box-gutter-machines-on-the-market,"2023-09-14 12:17:57",0
7570,"How to Change Coil Widths on an NTM SSH™ MultiPro",how-to-change-coil-widths-for-an-ntm-ssh-multipro,"2023-09-06 10:49:09",0
7512,"Why Does NTM Have Lead Times on its Gutter and Roof Panel Machines?",why-does-ntm-have-a-lead-time-for-its-gutter-and-roof-panel-machines,"2023-08-31 09:32:52",0
7491,"How to Change a Profile in an SSH™ MultiPro: Step-by-Step",how-to-change-a-profile-in-an-ssh-multipro,"2023-08-29 09:58:00",0
7467,"Western Roofing Expo 2023: What to Expect at This Year's Annual Conference",western-roofing-expo-2023-what-to-expect-at-this-years-annual-conference,"2023-08-23 16:19:39",0
7374,"NTM’s SSH MultiPro vs. SSQ II MultiPro Roof Panel Machines",ntms-ssh-multipro-vs-ssq-ii-multipro-roof-panel-machines,"2023-08-17 14:02:11",0
7307,"5 Common Problems Due to Neglecting Gutter Machine Maintenance",common-problems-neglecting-gutter-machine-maintenance,"2023-08-03 11:09:34",0
7185,"Barndominiums: A Growing Trend in Metal Homes",barndominium-homes-for-metal-rollforming-contractors,"2023-07-27 10:48:24",0
6980,"Streamline Your Roofing Operation with NTM's Panel Notching",streamline-roofing-operation-with-ntm-panel-notching-system,"2023-07-13 12:08:16",0
6936,"Board & Batten Metal Siding: A Versatile Choice for Buildings",metal-board-batten-siding-for-buildings,"2023-07-06 09:27:35",0
6895,"How to Start or Boost Your Gutter Business: Advice from the Pros",pro-advise-to-start-or-boost-your-gutter-business,"2023-06-28 05:00:00",0
6833,"The Best National and Regional Roofing Contractors' Associations",best-national-and-regional-roofing-associations,"2023-06-21 17:33:40",0
6807,"How NTM Training Can Boost Your Rollforming Business",how-ntm-training-can-help-your-rollforming-business,"2023-06-15 15:23:11",0
6730,"What to Know When Buying a Used Seamless Gutter Machine",what-to-know-when-buying-a-used-seamless-gutter-machine,"2023-06-07 15:46:54",0
6671,"NTM Announces New Board and Batten Profile for its SSQ II Portable Panel Machine",ntm-announces-new-board-and-batten-profile-for-its-ssq-ii-portable-panel-machine,"2023-06-01 09:00:00",0
6644,"SSQ II™ MultiPro Roof &amp; Wall Panel Machine: Worth the Price Tag?",ssq-ii-multipro-roof-panel-machine-review-worth-the-76k-price-tag,"2023-05-31 15:00:52",0
6424,"Best Accessories for Your NTM SSR™ MultiPro, Jr. Rollformer",the-best-accessories-to-purchase-for-your-ntm-ssr-multipro-jr-rollformer,"2023-05-26 09:00:00",0
6565,"Board & Batten Metal Wall Siding: A Durable & Low-Maintenance Solution",board-and-batten-metal-siding,"2023-05-23 13:06:45",0
6367,"Expand Your Metal Roofing Business With the NTM 5VC-5V CRIMP™ Roof Panel Machine",expand-your-metal-roofing-business-with-the-ntm-5vc-5v-crimp-roof-panel-machine,"2023-05-18 11:36:33",0
6516,"The Top Five Questions the NTM Service Department Receives",the-top-five-questions-the-ntm-service-department-receives,"2023-05-12 14:31:11",0
6298,"Which is the Best Gutter Metal? Aluminum vs. Steel vs. Copper vs. Zinc vs. Galvalume®",which-is-the-best-gutter-metal-aluminum-vs-steel-vs-copper-vs-zinc-vs-galvalume,"2023-05-11 09:35:22",0
6325,"Using NTM Gutter and Metal Roofing Machines in Extreme Temperatures",using-ntm-gutter-and-metal-roofing-machines-in-extreme-temperatures,"2023-05-04 02:26:00",0
6392,"Matt Mazzella and Adam Mazzella Named Presidents of Mazzella Companies ",matt-mazzella-adam-mazzella-named-presidents-mazzella-companies,"2023-05-01 11:10:58",0
6355,"Best Ways to Prevent Voiding Your Portable Rollforming Machine Warranty",ways-to-prevent-voiding-machine-warranty,"2023-04-26 13:55:27",0
6231,"Seamless Gutters vs. Traditional: What Your Customers Need to Know",seamless-gutters-vs-traditional-what-your-customers-need-to-know,"2023-04-18 13:14:05",0
6243,"How to Store a Portable Rollforming Machine",how-to-store-portable-rollforming-machine,"2023-04-14 07:15:04",0
1623,"Choosing the Best Gutter Machine and Profile for Your Business",best-gutter-machine-types,"2023-04-06 13:52:18",0
6150,"What to Know Before Getting a Portable Rollforming Machine Quote from NTM",getting-a-portable-rollforming-machine-quote,"2023-04-03 11:29:07",0
6117,"Top 12 Resources for Anyone New to Portable Roof Panel Machine Operation",best-resources-roof-panel-machine-operation,"2023-03-24 12:09:44",0
5887,"Where Can You Find Engineered Metal Roof Panel Profiles?",where-to-find-engineered-roof-panel-profiles,"2023-02-24 10:48:05",0
5855,"How to Pick a Metal Roof Panel Profile for Your Service Area",how-to-pick-metal-roof-panel-profile,"2023-02-17 08:17:48",0
13,"Why Choose New Tech Machinery for Your Portable Rollforming Machinery?",why-choose-new-tech-machinery,"2023-01-13 11:13:54",0
5688,"Why Material Matters: Portable Rollforming Problems Using Bad Metal Coil",bad-metal-coil-portable-rollforming-problems,"2023-01-06 14:48:28",0
5629,"Year in Review: The Best Portable Rollforming Machine Articles of 2022",best-portable-rollforming-machine-articles-2022,"2022-12-16 13:39:02",0
5622,"Oil Canning and Portable Rollforming: What Causes it and How Do You Fix it?",oil-canning-and-portable-rollforming,"2022-12-09 13:44:57",0
5568,"How NTM’s Service & Support Center Helps Solve Portable Rollforming Problems",ntm-service-support-center,"2022-12-01 13:35:48",0
5559,"How to Update Your UNIQ® Automatic Control System to the Latest Software",how-to-update-uniq-control-system-software,"2022-11-23 13:49:38",0
1244,"7 Reasons You Want to Buy a Portable Roof Panel Rollforming Machine",reasons-to-buy-portable-rollforming-machine,"2022-11-18 13:50:33",0
5527,"How to Use NTM's Roof Panel Machine Quiz and Assessment",how-to-use-roof-panel-machine-assessment,"2022-11-11 08:34:12",0
5491,"Best Places to Find Used Portable Rollforming Machines & Equipment",best-places-to-find-used-portable-rollforming-machines,"2022-10-27 11:30:26",0
3690,"How Does NTM Calculate Lead Times for Portable Rollforming Machines?",lead-times-for-portable-rollforming-machines,"2022-10-20 14:21:29",0
5441,"Paying in Full vs. Financing or Leasing Portable Rollforming Machinery",paying-in-full-vs-financing-leasing-portable-rollforming-machine,"2022-10-07 14:56:32",0
5345,"Reviewing the Top Five Portable Rollforming Machine Misconceptions",portable-rollforming-misconceptions,"2022-09-16 15:37:05",0
1705,"Benefits of Portable Rollforming Machines for Businesses in Metal Construction",benefits-using-portable-rollforming-machines-in-business,"2022-09-09 10:59:49",0
5244,"Review of NTM's Trapezoidal Panel Profile and T-Panel Profiles",review-of-trapezoidal-panel-profile-and-t-panel-profile,"2022-08-29 07:18:18",0
5225,"The Best K-Style Portable Seamless Gutter Machines for Starting a Business",best-k-style-seamless-gutter-machines-for-starting-a-business,"2022-08-18 13:33:25",0
5223,"Review of the Best Residential Portable Roof Panel Machines for Starting a Business",best-residential-roof-panel-machines-for-starting-a-business,"2022-08-12 15:08:01",0
5173,"New Tech Machinery Launching Software Update for UNIQ® Control System",ntm-launching-software-update-for-uniq-control-system,"2022-08-04 12:55:50",0
5151,"How to Order Metal Coil for Your Portable Roof Panel Machine",order-coil-for-portable-roof-panel-machine,"2022-07-29 11:37:50",0
5139,"How to Expand Your Metal Roofing Business With a Portable Rollformer",how-to-expand-metal-roofing-business-with-portable-rollformer,"2022-07-20 09:56:44",0
5132,"Pre-Cut vs. Post-Cut Rollforming Machines: Advantages & Disadvantages",pre-cut-vs-post-cut-rollforming-machines,"2022-07-13 15:20:22",0
5102,"Review of the Seven Best Manufacturers for Sheet Metal Folders & Brakes",best-sheet-metal-folder-manufacturers,"2022-07-05 08:16:26",0
1523,"Comparing Wall Siding Materials & How to Recommend the Best Siding Option",wall-siding-materials-metal-brick-stone-vinyl-wood,"2022-06-30 12:46:46",0
1691,"What Are Metal Wall Panels? Pros, Cons, & Types of Metal Wall Panel Systems",what-are-metal-wall-panels,"2022-06-15 10:59:43",0
4916,"Reviewing NTM's K-Style Gutter Machine & Box Gutter Machine: MACH II vs. BG7",reviewing-ntm-k-style-gutter-machine-and-box-gutter-machine,"2022-06-08 11:38:14",0
4887,"The Best Seamless Gutter Machine Configurations for the MACH II™",best-gutter-machine-configurations,"2022-05-31 11:52:51",0
4865,"Comparing Portable Gutter Machines: KWM Gutterman vs. New Tech Machinery",portable-gutter-machines-kwm-vs-ntm,"2022-05-23 13:12:49",0
4817,"SSH vs. SSR: Reviewing NTM's Residential & Light Commercial Roof Panel Machines",ssh-vs-ssr-roof-panel-machines,"2022-05-17 15:35:30",0
4760,"How to Sight a Gutter and Adjust Your Gutter Machine to Run Correctly",how-to-adjust-gutter-machine,"2022-05-04 01:01:00",0
4735,"New Tech Machinery Opens Portable Rollforming Service & Engineering Center",ntm-opens-service-engineering-center,"2022-04-28 07:44:17",0
4707,"What Is the Cost of Portable Rollforming Machine Training With NTM?",cost-portable-rollforming-machine-training,"2022-04-21 14:40:58",0
4695,"NTM to Host Manufacturing Facility Tours at Gutter Conference, GUTTER-CON",ntm-manufacturing-tours,"2022-04-15 10:35:12",0
4661,"Portable Rollforming Machine Design: Forming Rollers and Drive Rollers",portable-rollforming-machine-forming-rollers-and-drive-rollers,"2022-04-07 15:56:05",0
4451,"By the Numbers: Review of NTM Roof Panel Machine Footprint & Specs",review-of-ntm-roof-panel-machine-footprint-specs,"2022-03-30 08:00:00",0
4479,"New Tech Machinery Announces SSH™ Machine Is Back on the Market",ntm-ssh-machine-back-on-market,"2022-03-25 10:07:23",0
24,"How to Choose the Right SSQ II™ Roof and Wall Panel Machine Package Pricing [2023]",how-to-choose-right-ssq-roof-panel-machine-package,"2022-03-15 14:46:43",0
4139,"What Are Rib Rollers? Application, Uses, and Types of NTM Rib Rollers",what-are-rib-rollers,"2022-02-25 14:24:39",0
3955,"Metal Wall Panel Review: What’s the NTM Flush Wall / Soffit Profile?",metal-wall-panel-review-of-ntm-flush-wall-soffit-profile,"2022-02-17 10:56:05",0
3860,"Best Times to Purchase a Portable Roof Panel Machine or Gutter Machine",best-times-to-purchase-portable-roof-panel-gutter-machines,"2022-02-10 15:38:46",0
3779,"How to Clean the Drive Rollers in an NTM Portable Rollforming Machine",how-to-clean-drive-rollers-ntm-portable-rollforming-machine,"2022-01-31 09:52:19",0
3414,"Best Portable Rollforming Machine & Equipment Articles of 2021",best-portable-rollforming-machine-articles-2021,"2021-12-16 14:39:35",0
3363,"What Is the UNIQ® Automatic Control System? Features, Benefits, & Design",what-is-uniq-automatic-control-system,"2021-11-24 08:15:27",0
3353,"NTM’s UNIQ® Automatic Control System Revolutionizes Portable Rollforming",ntm-uniq-automatic-control-system-revolutionizes-portable-rollforming,"2021-11-17 14:35:46",0
3058,"New Tech Machinery Launches New Extensive Website With Rollforming Learning Center",new-website-release,"2021-08-05 14:45:10",0
1281,"Review of the Four Best Metal Roofing Clip Manufacturers",review-best-metal-roofing-clip-manufacturers,"2021-04-29 17:03:59",0
836,"Portable Roof Panel Machines: New Tech Machinery SSQ II vs. SSR",portable-roof-panel-machines-ssq-ii-vs-ssr,"2021-03-10 18:39:38",0
29,"Review of the Six Best Metal Roofing Coil Suppliers",review-best-metal-roofing-coil-suppliers,"2021-02-24 20:17:08",0
1270,"New Tech Machinery Celebrates 30th Anniversary",new-tech-machinery-celebrates-30th-anniversary,"2021-02-19 17:58:00",0
25,"How to Purchase an NTM Portable Rollforming Machine",how-to-purchase-new-tech-machinery,"2021-02-12 21:16:19",0
12,"Review of the 6 Best Portable Gutter Machine Manufacturers",review-best-portable-gutter-machine-manufacturers,"2021-01-27 12:28:00",0
1289,"New Tech Machinery Announces Production Is Underway at New Manufacturing Facility in Hermosillo, Mexico",new-tech-machinery-begins-production-in-mexico-facility,"2021-01-04 19:07:00",0
14,"The Best Portable Rollforming Machine & Equipment Articles of 2020",2020-best-portable-rollforming-articles,"2020-12-21 12:28:00",0
16,"Review of the SSQ II™ Roof &amp; Wall Panel Machine: Features &amp; Benefits",ssq-roof-panel-machine-features-benefits,"2020-12-14 12:28:00",0
18,"NTM Roof Panel Machine Profiles and UL Compliance: What Does it Mean?",roof-panel-machine-profiles-ul-compliance,"2020-11-30 12:28:00",0
20,"NTM Publishes E-Book on Buying and Owning a Portable Gutter Machine",buying-owning-portable-gutter-machine-e-book,"2020-10-20 12:28:00",0
21,"Types of Seamless Gutter Profiles for Portable Rollforming Machines",types-seamless-gutter-profiles,"2020-10-01 12:28:00",0
179,"Types of Metal Roof Profiles for Portable Rollforming Machines",metal-roof-profiles-portable-rollforming-machines,"2020-09-14 14:36:00",0
190,"Is a Factory Metal Roof Panel Manufacturer Right for Your Business?",factory-metal-roof-panel-manufacturer,"2020-08-17 15:33:00",0
264,"10 Best Safety Practices When Using a Portable Rollformer [Infographic]",best-safety-practices-portable-rollformer-infographic,"2020-07-29 19:22:00",0
276,"What Are the Benefits of Using a Portable Rollforming Machine Inside a Factory?",benefits-using-portable-rollforming-machine-inside-factory,"2020-07-20 14:49:00",0
299,"New Tech Machinery Publishes Portable Roof Panel Machine E-Book",new-tech-machinery-publishes-portable-roof-panel-ebook,"2020-07-09 19:43:00",0
375,"Portable Rollforming Machine Power Options: Modular vs. Fixed",portable-rollforming-machine-power-modular-vs-fixed,"2020-06-16 20:21:00",0
385,"Best Portable Roof & Wall Panel Rollforming Machine Accessories",best-portable-roof-panel-machine-accessories,"2020-06-02 21:13:00",0
440,"Portable Rollforming Machine Warranties: What Do Manufacturers Offer?",portable-rollforming-machine-manufacturer-warranties,"2020-05-20 20:13:00",0
448,"What Warranties Are Offered With NTM Machines?",warranties-offered-with-ntm-machines,"2020-05-14 20:46:00",0
1300,"New Tech Machinery Moves Facility to Aurora, Colorado",new-tech-machinery-moves-facility-to-aurora-co,"2020-05-14 19:36:00",0
866,"How to Adapt Your Metal Construction Business During a Pandemic",how-to-adapt-metal-construction-business-during-pandemic,"2020-04-15 18:40:00",0
887,"What to Expect in a Portable Rollforming Machine Training Session",what-to-expect-portable-rollforming-machine-training-session,"2020-04-01 19:02:00",0
958,"5 Signs Your Portable Rollforming Machine Needs Service",signs-portable-rollforming-machine-service,"2020-03-18 12:50:00",0
968,"12 Things to Know About NTM’s Shipping Process of Rollforming Machines",ntm-shipping-process-rollforming-machines,"2020-03-09 21:14:00",0
975,"Seamless Gutter Machine Maintenance: What You Should Know",seamless-gutter-machine-maintenance,"2020-02-27 16:35:00",0
981,"Portable Roof Panel Machine Maintenance: What You Should Know",portable-roof-panel-machine-maintenance,"2020-02-18 17:00:00",0
1544,"The 5 Best Rollforming & Metal Construction Articles of 2019",2019-best-rollforming-articles,"2019-12-10 16:18:00",0
1305,"NTM Exhibits at Batimat 2019 in Paris for the First Time",ntm-batimat-tradeshow,"2019-12-05 19:52:00",0
582,"Metal Roofing & Rollforming Glossary: A Guide to Industry Terms You Need to Know",metal-roofing-rollforming-glossary,"2019-10-14 18:02:00",0
1100,"Definition of a Portable Metal Rollforming Machine (in 100 words or less)",portable-metal-rollforming-definition,"2019-07-10 11:51:00",0
1103,"4 Common Problems With a Portable Roof Panel Rollforming Machine",roof-panel-rollforming-machine-problems,"2019-06-18 11:57:00",0
1111,"Definition of Metal Rollforming (in 100 words or less)",metal-rollforming-definition,"2019-05-31 13:16:00",0
1116,"How to & Why Finance Machinery for New Metal Roof or Gutter Businesses",how-to-finance-machinery,"2019-05-10 13:24:00",0
484,"Why You Should Start a Roof or Gutter Business With a Portable Rollformer",starting-a-business-with-portable-rollforming-machine,"2019-04-10 16:26:00",0
490,"New Tech Machinery Debuts Two New Portable Rollforming Machines",new-tech-machinery-debuts-two-new-portable-rollforming-machines,"2019-03-05 16:58:00",0
492,"Definition of Oil Canning (in 100 words or less)",definition-of-oil-canning,"2019-02-27 17:19:00",0
1180,"New Tech Machinery Machinists: Who Are They & What Do They Do?",ntm-machinists,"2019-02-11 18:20:00",0
496,"How a Metal Rollformer Works (a short description)",how-a-metal-rollformer-works,"2018-12-28 17:49:00",0
206,"4 Common Gutter Problems With a Portable Seamless Rollforming Machine",gutter-machine-problems,"2018-10-25 21:02:00",0
269,"What to Expect When You’re Purchasing a Portable Rollforming Machine",what-to-expect-purchasing-portable-rollforming-machine,"2018-09-24 20:20:00",0
271,"Definition of a Portable Roof Panel Machine [In Under 100 Words]",portable-roof-panel-machine-definition,"2018-09-14 20:43:00",0
150,"Portable Rollforming vs Factory Panel Suppliers: Which Is Better?",portable-rollforming-vs-factory-panel-suppliers,"2018-07-31 17:51:00",0
147,"What Is a Portable Rollforming Machine? Equipment Types & Uses",portable-rollforming-machine-equipment-types-uses,"2018-06-29 17:19:00",0
144,"What Is Metal Rollforming? Uses, Types, Parts, & Definitions",what-is-metal-rollforming,"2018-06-19 17:18:00",0
141,"Portable Rollforming &amp; Oil Canning: Troubleshooting Guide",portable-rollforming-potential-coil-problems-or-issues-troubleshooting-guide,"2018-04-17 16:48:00",0
1310,"NTM Celebrates 25th Year Milestone at 2016 Adjustment Day",ntm-2016-adjustment-day-event,"2016-10-01 19:26:00",0
1312,"25 Years of New Tech Machinery",25-years-of-new-tech-machinery,"2015-12-01 19:39:00",0
1315,"A Project With Our Friends at Sheffield Metals",a-project-with-our-friends-at-sheffield-metals,"2015-08-01 19:48:00",0
1319,"New Tech Machinery Joins The Mazzella Companies Family",ntm-joins-the-mazzella-companies-family,"2015-05-01 14:00:00",0
